family,family_name,control,title,in_low,in_moderate,in_high,in_privacy,enhancements,enh_in_low,enh_in_moderate,enh_in_high,enh_in_privacy,parameters
AC,Access Control,AC-1,Policy and Procedures,x,x,x,x,0,0,0,0,0,9
AC,Access Control,AC-2,Account Management,x,x,x,,12,0,6,8,0,10
AC,Access Control,AC-3,Access Enforcement,x,x,x,,13,0,0,0,1,0
AC,Access Control,AC-4,Information Flow Enforcement,,x,x,,30,0,0,1,0,1
AC,Access Control,AC-5,Separation of Duties,,x,x,,0,0,0,0,0,1
AC,Access Control,AC-6,Least Privilege,,x,x,,10,0,6,7,0,0
AC,Access Control,AC-7,Unsuccessful Logon Attempts,x,x,x,,3,0,0,0,0,6
AC,Access Control,AC-8,System Use Notification,x,x,x,,0,0,0,0,0,2
AC,Access Control,AC-9,Previous Logon Notification,,,,,4,0,0,0,0,0
AC,Access Control,AC-10,Concurrent Session Control,,,x,,0,0,0,0,0,2
AC,Access Control,AC-11,Device Lock,,x,x,,1,0,1,1,0,2
AC,Access Control,AC-12,Session Termination,,x,x,,3,0,0,0,0,1
AC,Access Control,AC-14,Permitted Actions Without Identification or Authentication,x,x,x,,0,0,0,0,0,1
AC,Access Control,AC-16,Security and Privacy Attributes,,,,,10,0,0,0,0,17
AC,Access Control,AC-17,Remote Access,x,x,x,,7,0,4,4,0,0
AC,Access Control,AC-18,Wireless Access,x,x,x,,4,0,2,4,0,0
AC,Access Control,AC-19,Access Control for Mobile Devices,x,x,x,,2,0,1,1,0,0
AC,Access Control,AC-20,Use of External Systems,x,x,x,,5,0,2,2,0,4
AC,Access Control,AC-21,Information Sharing,,x,x,,2,0,0,0,0,2
AC,Access Control,AC-22,Publicly Accessible Content,x,x,x,,0,0,0,0,0,1
AC,Access Control,AC-23,Data Mining Protection,,,,,0,0,0,0,0,2
AC,Access Control,AC-24,Access Control Decisions,,,,,2,0,0,0,0,2
AC,Access Control,AC-25,Reference Monitor,,,,,0,0,0,0,0,1
AT,Awareness and Training,AT-1,Policy and Procedures,x,x,x,x,0,0,0,0,0,9
AT,Awareness and Training,AT-2,Literacy Training and Awareness,x,x,x,x,6,1,2,2,0,9
AT,Awareness and Training,AT-3,Role-based Training,x,x,x,x,4,0,0,0,1,6
AT,Awareness and Training,AT-4,Training Records,x,x,x,x,0,0,0,0,0,1
AT,Awareness and Training,AT-6,Training Feedback,,,,,0,0,0,0,0,2
AU,Audit and Accountability,AU-1,Policy and Procedures,x,x,x,x,0,0,0,0,0,9
AU,Audit and Accountability,AU-2,Event Logging,x,x,x,x,0,0,0,0,0,5
AU,Audit and Accountability,AU-3,Content of Audit Records,x,x,x,,2,0,1,1,1,0
AU,Audit and Accountability,AU-4,Audit Log Storage Capacity,x,x,x,,1,0,0,0,0,1
AU,Audit and Accountability,AU-5,Response to Audit Logging Process Failures,x,x,x,,5,0,0,2,0,3
AU,Audit and Accountability,AU-6,"Audit Record Review, Analysis, and Reporting",x,x,x,,8,0,2,4,0,3
AU,Audit and Accountability,AU-7,Audit Record Reduction and Report Generation,,x,x,,1,0,1,1,0,0
AU,Audit and Accountability,AU-8,Time Stamps,x,x,x,,0,0,0,0,0,1
AU,Audit and Accountability,AU-9,Protection of Audit Information,x,x,x,,7,0,1,3,0,1
AU,Audit and Accountability,AU-10,Non-repudiation,,,x,,4,0,0,0,0,1
AU,Audit and Accountability,AU-11,Audit Record Retention,x,x,x,x,1,0,0,0,0,1
AU,Audit and Accountability,AU-12,Audit Record Generation,x,x,x,,4,0,0,2,0,2
AU,Audit and Accountability,AU-13,Monitoring for Information Disclosure,,,,,3,0,0,0,0,4
AU,Audit and Accountability,AU-14,Session Audit,,,,,2,0,0,0,0,3
AU,Audit and Accountability,AU-16,Cross-organizational Audit Logging,,,,,3,0,0,0,0,2
CA,"Assessment, Authorization, and Monitoring",CA-1,Policy and Procedures,x,x,x,x,0,0,0,0,0,9
CA,"Assessment, Authorization, and Monitoring",CA-2,Control Assessments,x,x,x,x,3,0,1,2,0,2
CA,"Assessment, Authorization, and Monitoring",CA-3,Information Exchange,x,x,x,,2,0,0,1,0,3
CA,"Assessment, Authorization, and Monitoring",CA-5,Plan of Action and Milestones,x,x,x,x,1,0,0,0,0,1
CA,"Assessment, Authorization, and Monitoring",CA-6,Authorization,x,x,x,x,2,0,0,0,0,1
CA,"Assessment, Authorization, and Monitoring",CA-7,Continuous Monitoring,x,x,x,x,5,1,2,2,1,9
CA,"Assessment, Authorization, and Monitoring",CA-8,Penetration Testing,,,x,,3,0,0,1,0,2
CA,"Assessment, Authorization, and Monitoring",CA-9,Internal System Connections,x,x,x,,1,0,0,0,0,3
CM,Configuration Management,CM-1,Policy and Procedures,x,x,x,x,0,0,0,0,0,9
CM,Configuration Management,CM-2,Baseline Configuration,x,x,x,,4,0,3,3,0,2
CM,Configuration Management,CM-3,Configuration Change Control,,x,x,,8,0,2,4,0,5
CM,Configuration Management,CM-4,Impact Analyses,x,x,x,x,2,0,1,2,0,0
CM,Configuration Management,CM-5,Access Restrictions for Change,x,x,x,,4,0,0,1,0,0
CM,Configuration Management,CM-6,Configuration Settings,x,x,x,,2,0,0,2,0,3
CM,Configuration Management,CM-7,Least Functionality,x,x,x,,9,0,3,3,0,7
CM,Configuration Management,CM-8,System Component Inventory,x,x,x,,8,0,2,4,0,2
CM,Configuration Management,CM-9,Configuration Management Plan,,x,x,,1,0,0,0,0,1
CM,Configuration Management,CM-10,Software Usage Restrictions,x,x,x,,1,0,0,0,0,0
CM,Configuration Management,CM-11,User-installed Software,x,x,x,,2,0,0,0,0,3
CM,Configuration Management,CM-12,Information Location,,x,x,,1,0,1,1,0,1
CM,Configuration Management,CM-13,Data Action Mapping,,,,,0,0,0,0,0,0
CM,Configuration Management,CM-14,Signed Components,,,,,0,0,0,0,0,3
CP,Contingency Planning,CP-1,Policy and Procedures,x,x,x,,0,0,0,0,0,9
CP,Contingency Planning,CP-2,Contingency Plan,x,x,x,,7,0,3,5,0,10
CP,Contingency Planning,CP-3,Contingency Training,x,x,x,,2,0,0,1,0,4
CP,Contingency Planning,CP-4,Contingency Plan Testing,x,x,x,,5,0,1,2,0,4
CP,Contingency Planning,CP-6,Alternate Storage Site,,x,x,,3,0,2,3,0,0
CP,Contingency Planning,CP-7,Alternate Processing Site,,x,x,,5,0,3,4,0,2
CP,Contingency Planning,CP-8,Telecommunications Services,,x,x,,5,0,2,4,0,2
CP,Contingency Planning,CP-9,System Backup,x,x,x,,7,0,2,5,0,4
CP,Contingency Planning,CP-10,System Recovery and Reconstitution,x,x,x,,3,0,1,2,0,3
CP,Contingency Planning,CP-11,Alternate Communications Protocols,,,,,0,0,0,0,0,1
CP,Contingency Planning,CP-12,Safe Mode,,,,,0,0,0,0,0,2
CP,Contingency Planning,CP-13,Alternative Security Mechanisms,,,,,0,0,0,0,0,2
IA,Identification and Authentication,IA-1,Policy and Procedures,x,x,x,,0,0,0,0,0,9
IA,Identification and Authentication,IA-2,Identification and Authentication (Organizational Users),x,x,x,,8,4,4,5,0,0
IA,Identification and Authentication,IA-3,Device Identification and Authentication,,x,x,,3,0,0,0,0,2
IA,Identification and Authentication,IA-4,Identifier Management,x,x,x,,6,0,1,1,0,2
IA,Identification and Authentication,IA-5,Authenticator Management,x,x,x,,15,1,3,3,0,2
IA,Identification and Authentication,IA-6,Authentication Feedback,x,x,x,,0,0,0,0,0,0
IA,Identification and Authentication,IA-7,Cryptographic Module Authentication,x,x,x,,0,0,0,0,0,0
IA,Identification and Authentication,IA-8,Identification and Authentication (Non-organizational Users),x,x,x,,5,3,3,3,0,0
IA,Identification and Authentication,IA-9,Service Identification and Authentication,,,,,0,0,0,0,0,1
IA,Identification and Authentication,IA-10,Adaptive Authentication,,,,,0,0,0,0,0,2
IA,Identification and Authentication,IA-11,Re-authentication,x,x,x,,0,0,0,0,0,1
IA,Identification and Authentication,IA-12,Identity Proofing,,x,x,,6,0,3,4,0,0
IA,Identification and Authentication,IA-13,Identity Providers and Authorization Servers,,,,,3,0,0,0,0,2
IR,Incident Response,IR-1,Policy and Procedures,x,x,x,x,0,0,0,0,0,9
IR,Incident Response,IR-2,Incident Response Training,x,x,x,x,3,0,0,2,1,4
IR,Incident Response,IR-3,Incident Response Testing,,x,x,x,3,0,1,1,0,2
IR,Incident Response,IR-4,Incident Handling,x,x,x,x,15,0,1,3,0,0
IR,Incident Response,IR-5,Incident Monitoring,x,x,x,x,1,0,0,1,0,0
IR,Incident Response,IR-6,Incident Reporting,x,x,x,x,3,0,2,2,0,2
IR,Incident Response,IR-7,Incident Response Assistance,x,x,x,x,2,0,1,1,0,0
IR,Incident Response,IR-8,Incident Response Plan,x,x,x,x,1,0,0,0,1,8
IR,Incident Response,IR-9,Information Spillage Response,,,,,3,0,0,0,0,3
MA,Maintenance,MA-1,Policy and Procedures,x,x,x,,0,0,0,0,0,9
MA,Maintenance,MA-2,Controlled Maintenance,x,x,x,,1,0,0,1,0,3
MA,Maintenance,MA-3,Maintenance Tools,,x,x,,6,0,3,3,0,1
MA,Maintenance,MA-4,Nonlocal Maintenance,x,x,x,,6,0,0,1,0,0
MA,Maintenance,MA-5,Maintenance Personnel,x,x,x,,5,0,0,1,0,0
MA,Maintenance,MA-6,Timely Maintenance,,x,x,,3,0,0,0,0,2
MA,Maintenance,MA-7,Field Maintenance,,,,,0,0,0,0,0,2
MP,Media Protection,MP-1,Policy and Procedures,x,x,x,x,0,0,0,0,0,9
MP,Media Protection,MP-2,Media Access,x,x,x,,0,0,0,0,0,6
MP,Media Protection,MP-3,Media Marking,,x,x,,0,0,0,0,0,2
MP,Media Protection,MP-4,Media Storage,,x,x,,1,0,0,0,0,8
MP,Media Protection,MP-5,Media Transport,,x,x,,1,0,0,0,0,4
MP,Media Protection,MP-6,Media Sanitization,x,x,x,x,5,0,0,3,0,8
MP,Media Protection,MP-7,Media Use,x,x,x,,1,0,0,0,0,4
MP,Media Protection,MP-8,Media Downgrading,,,,,4,0,0,0,0,2
PE,Physical and Environmental Protection,PE-1,Policy and Procedures,x,x,x,,0,0,0,0,0,9
PE,Physical and Environmental Protection,PE-2,Physical Access Authorizations,x,x,x,,3,0,0,0,0,1
PE,Physical and Environmental Protection,PE-3,Physical Access Control,x,x,x,,7,0,0,1,0,11
PE,Physical and Environmental Protection,PE-4,Access Control for Transmission,,x,x,,0,0,0,0,0,2
PE,Physical and Environmental Protection,PE-5,Access Control for Output Devices,,x,x,,1,0,0,0,0,1
PE,Physical and Environmental Protection,PE-6,Monitoring Physical Access,x,x,x,,4,0,1,2,0,2
PE,Physical and Environmental Protection,PE-8,Visitor Access Records,x,x,x,,2,0,0,1,1,3
PE,Physical and Environmental Protection,PE-9,Power Equipment and Cabling,,x,x,,2,0,0,0,0,0
PE,Physical and Environmental Protection,PE-10,Emergency Shutoff,,x,x,,0,0,0,0,0,2
PE,Physical and Environmental Protection,PE-11,Emergency Power,,x,x,,2,0,0,1,0,1
PE,Physical and Environmental Protection,PE-12,Emergency Lighting,x,x,x,,1,0,0,0,0,0
PE,Physical and Environmental Protection,PE-13,Fire Protection,x,x,x,,3,0,1,2,0,0
PE,Physical and Environmental Protection,PE-14,Environmental Controls,x,x,x,,2,0,0,0,0,4
PE,Physical and Environmental Protection,PE-15,Water Damage Protection,x,x,x,,1,0,0,1,0,0
PE,Physical and Environmental Protection,PE-16,Delivery and Removal,x,x,x,,0,0,0,0,0,3
PE,Physical and Environmental Protection,PE-17,Alternate Work Site,,x,x,,0,0,0,0,0,2
PE,Physical and Environmental Protection,PE-18,Location of System Components,,,x,,0,0,0,0,0,1
PE,Physical and Environmental Protection,PE-19,Information Leakage,,,,,1,0,0,0,0,0
PE,Physical and Environmental Protection,PE-20,Asset Monitoring and Tracking,,,,,0,0,0,0,0,3
PE,Physical and Environmental Protection,PE-21,Electromagnetic Pulse Protection,,,,,0,0,0,0,0,2
PE,Physical and Environmental Protection,PE-22,Component Marking,,,,,0,0,0,0,0,1
PE,Physical and Environmental Protection,PE-23,Facility Location,,,,,0,0,0,0,0,0
PL,Planning,PL-1,Policy and Procedures,x,x,x,x,0,0,0,0,0,9
PL,Planning,PL-2,System Security and Privacy Plans,x,x,x,x,0,0,0,0,0,3
PL,Planning,PL-4,Rules of Behavior,x,x,x,x,1,1,1,1,1,3
PL,Planning,PL-7,Concept of Operations,,,,,0,0,0,0,0,1
PL,Planning,PL-8,Security and Privacy Architectures,,x,x,x,2,0,0,0,0,1
PL,Planning,PL-9,Central Management,,,,x,0,0,0,0,0,1
PL,Planning,PL-10,Baseline Selection,x,x,x,,0,0,0,0,0,0
PL,Planning,PL-11,Baseline Tailoring,x,x,x,,0,0,0,0,0,0
PM,Program Management,PM-1,Information Security Program Plan,,,,,0,0,0,0,0,2
PM,Program Management,PM-2,Information Security Program Leadership Role,,,,,0,0,0,0,0,0
PM,Program Management,PM-3,Information Security and Privacy Resources,,,,x,0,0,0,0,0,0
PM,Program Management,PM-4,Plan of Action and Milestones Process,,,,x,0,0,0,0,0,0
PM,Program Management,PM-5,System Inventory,,,,,1,0,0,0,1,1
PM,Program Management,PM-6,Measures of Performance,,,,x,0,0,0,0,0,0
PM,Program Management,PM-7,Enterprise Architecture,,,,x,1,0,0,0,0,0
PM,Program Management,PM-8,Critical Infrastructure Plan,,,,x,0,0,0,0,0,0
PM,Program Management,PM-9,Risk Management Strategy,,,,x,0,0,0,0,0,1
PM,Program Management,PM-10,Authorization Process,,,,x,0,0,0,0,0,0
PM,Program Management,PM-11,Mission and Business Process Definition,,,,x,0,0,0,0,0,1
PM,Program Management,PM-12,Insider Threat Program,,,,,0,0,0,0,0,0
PM,Program Management,PM-13,Security and Privacy Workforce,,,,x,0,0,0,0,0,0
PM,Program Management,PM-14,"Testing, Training, and Monitoring",,,,x,0,0,0,0,0,0
PM,Program Management,PM-15,Security and Privacy Groups and Associations,,,,,0,0,0,0,0,0
PM,Program Management,PM-16,Threat Awareness Program,,,,,1,0,0,0,0,0
PM,Program Management,PM-17,Protecting Controlled Unclassified Information on External Systems,,,,x,0,0,0,0,0,3
PM,Program Management,PM-18,Privacy Program Plan,,,,x,0,0,0,0,0,1
PM,Program Management,PM-19,Privacy Program Leadership Role,,,,x,0,0,0,0,0,0
PM,Program Management,PM-20,Dissemination of Privacy Program Information,,,,x,1,0,0,0,1,0
PM,Program Management,PM-21,Accounting of Disclosures,,,,x,0,0,0,0,0,0
PM,Program Management,PM-22,Personally Identifiable Information Quality Management,,,,x,0,0,0,0,0,0
PM,Program Management,PM-23,Data Governance Body,,,,,0,0,0,0,0,2
PM,Program Management,PM-24,Data Integrity Board,,,,x,0,0,0,0,0,0
PM,Program Management,PM-25,"Minimization of Personally Identifiable Information Used in Testing, Training, and Research",,,,x,0,0,0,0,0,5
PM,Program Management,PM-26,Complaint Management,,,,x,0,0,0,0,0,5
PM,Program Management,PM-27,Privacy Reporting,,,,x,0,0,0,0,0,4
PM,Program Management,PM-28,Risk Framing,,,,x,0,0,0,0,0,2
PM,Program Management,PM-29,Risk Management Program Leadership Roles,,,,,0,0,0,0,0,0
PM,Program Management,PM-30,Supply Chain Risk Management Strategy,,,,,1,0,0,0,0,1
PM,Program Management,PM-31,Continuous Monitoring Strategy,,,,x,0,0,0,0,0,9
PM,Program Management,PM-32,Purposing,,,,,0,0,0,0,0,1
PS,Personnel Security,PS-1,Policy and Procedures,x,x,x,,0,0,0,0,0,9
PS,Personnel Security,PS-2,Position Risk Designation,x,x,x,,0,0,0,0,0,1
PS,Personnel Security,PS-3,Personnel Screening,x,x,x,,4,0,0,0,0,3
PS,Personnel Security,PS-4,Personnel Termination,x,x,x,,2,0,0,1,0,2
PS,Personnel Security,PS-5,Personnel Transfer,x,x,x,,0,0,0,0,0,4
PS,Personnel Security,PS-6,Access Agreements,x,x,x,x,2,0,0,0,0,2
PS,Personnel Security,PS-7,External Personnel Security,x,x,x,,0,0,0,0,0,2
PS,Personnel Security,PS-8,Personnel Sanctions,x,x,x,,0,0,0,0,0,2
PS,Personnel Security,PS-9,Position Descriptions,x,x,x,,0,0,0,0,0,0
PT,Personally Identifiable Information Processing and Transparency,PT-1,Policy and Procedures,,,,x,0,0,0,0,0,9
PT,Personally Identifiable Information Processing and Transparency,PT-2,Authority to Process Personally Identifiable Information,,,,x,2,0,0,0,0,3
PT,Personally Identifiable Information Processing and Transparency,PT-3,Personally Identifiable Information Processing Purposes,,,,x,2,0,0,0,0,4
PT,Personally Identifiable Information Processing and Transparency,PT-4,Consent,,,,x,3,0,0,0,0,1
PT,Personally Identifiable Information Processing and Transparency,PT-5,Privacy Notice,,,,x,2,0,0,0,1,2
PT,Personally Identifiable Information Processing and Transparency,PT-6,System of Records Notice,,,,x,2,0,0,0,2,0
PT,Personally Identifiable Information Processing and Transparency,PT-7,Specific Categories of Personally Identifiable Information,,,,x,2,0,0,0,2,1
PT,Personally Identifiable Information Processing and Transparency,PT-8,Computer Matching Requirements,,,,x,0,0,0,0,0,0
RA,Risk Assessment,RA-1,Policy and Procedures,x,x,x,x,0,0,0,0,0,9
RA,Risk Assessment,RA-2,Security Categorization,x,x,x,,1,0,0,0,0,0
RA,Risk Assessment,RA-3,Risk Assessment,x,x,x,x,4,1,1,1,0,5
RA,Risk Assessment,RA-5,Vulnerability Monitoring and Scanning,x,x,x,,8,2,3,4,0,5
RA,Risk Assessment,RA-6,Technical Surveillance Countermeasures Survey,,,,,0,0,0,0,0,4
RA,Risk Assessment,RA-7,Risk Response,x,x,x,x,0,0,0,0,0,0
RA,Risk Assessment,RA-8,Privacy Impact Assessments,,,,x,0,0,0,0,0,0
RA,Risk Assessment,RA-9,Criticality Analysis,,x,x,,0,0,0,0,0,2
RA,Risk Assessment,RA-10,Threat Hunting,,,,,0,0,0,0,0,1
SA,System and Services Acquisition,SA-1,Policy and Procedures,x,x,x,x,0,0,0,0,0,9
SA,System and Services Acquisition,SA-2,Allocation of Resources,x,x,x,x,0,0,0,0,0,0
SA,System and Services Acquisition,SA-3,System Development Life Cycle,x,x,x,x,3,0,0,0,0,1
SA,System and Services Acquisition,SA-4,Acquisition Process,x,x,x,x,11,1,4,5,0,2
SA,System and Services Acquisition,SA-5,System Documentation,x,x,x,,0,0,0,0,0,2
SA,System and Services Acquisition,SA-8,Security and Privacy Engineering Principles,x,x,x,,33,0,0,0,1,3
SA,System and Services Acquisition,SA-9,External System Services,x,x,x,x,8,0,1,1,0,2
SA,System and Services Acquisition,SA-10,Developer Configuration Management,,x,x,,7,0,0,0,0,3
SA,System and Services Acquisition,SA-11,Developer Testing and Evaluation,,x,x,x,9,0,0,0,0,3
SA,System and Services Acquisition,SA-15,"Development Process, Standards, and Tools",,x,x,,11,0,1,1,0,4
SA,System and Services Acquisition,SA-16,Developer-provided Training,,,x,,0,0,0,0,0,1
SA,System and Services Acquisition,SA-17,Developer Security and Privacy Architecture and Design,,,x,,9,0,0,0,0,0
SA,System and Services Acquisition,SA-20,Customized Development of Critical Components,,,,,0,0,0,0,0,1
SA,System and Services Acquisition,SA-21,Developer Screening,,,x,,0,0,0,0,0,3
SA,System and Services Acquisition,SA-22,Unsupported System Components,x,x,x,,0,0,0,0,0,2
SA,System and Services Acquisition,SA-23,Specialization,,,,,0,0,0,0,0,2
SA,System and Services Acquisition,SA-24,Design For Cyber Resiliency,,,,,0,0,0,0,0,5
SC,System and Communications Protection,SC-1,Policy and Procedures,x,x,x,,0,0,0,0,0,9
SC,System and Communications Protection,SC-2,Separation of System and User Functionality,,x,x,,2,0,0,0,0,0
SC,System and Communications Protection,SC-3,Security Function Isolation,,,x,,5,0,0,0,0,0
SC,System and Communications Protection,SC-4,Information in Shared System Resources,,x,x,,1,0,0,0,0,0
SC,System and Communications Protection,SC-5,Denial-of-service Protection,x,x,x,,3,0,0,0,0,3
SC,System and Communications Protection,SC-6,Resource Availability,,,,,0,0,0,0,0,3
SC,System and Communications Protection,SC-7,Boundary Protection,x,x,x,,26,0,5,7,1,1
SC,System and Communications Protection,SC-8,Transmission Confidentiality and Integrity,,x,x,,5,0,1,1,0,1
SC,System and Communications Protection,SC-10,Network Disconnect,,x,x,,0,0,0,0,0,1
SC,System and Communications Protection,SC-11,Trusted Path,,,,,1,0,0,0,0,2
SC,System and Communications Protection,SC-12,Cryptographic Key Establishment and Management,x,x,x,,4,0,0,1,0,1
SC,System and Communications Protection,SC-13,Cryptographic Protection,x,x,x,,0,0,0,0,0,2
SC,System and Communications Protection,SC-15,Collaborative Computing Devices and Applications,x,x,x,,3,0,0,0,0,1
SC,System and Communications Protection,SC-16,Transmission of Security and Privacy Attributes,,,,,3,0,0,0,0,3
SC,System and Communications Protection,SC-17,Public Key Infrastructure Certificates,,x,x,,0,0,0,0,0,1
SC,System and Communications Protection,SC-18,Mobile Code,,x,x,,5,0,0,0,0,0
SC,System and Communications Protection,SC-20,Secure Name/Address Resolution Service (Authoritative Source),x,x,x,,1,0,0,0,0,0
SC,System and Communications Protection,SC-21,Secure Name/Address Resolution Service (Recursive or Caching Resolver),x,x,x,,0,0,0,0,0,0
SC,System and Communications Protection,SC-22,Architecture and Provisioning for Name/Address Resolution Service,x,x,x,,0,0,0,0,0,0
SC,System and Communications Protection,SC-23,Session Authenticity,,x,x,,3,0,0,0,0,0
SC,System and Communications Protection,SC-24,Fail in Known State,,,x,,0,0,0,0,0,3
SC,System and Communications Protection,SC-25,Thin Nodes,,,,,0,0,0,0,0,1
SC,System and Communications Protection,SC-26,Decoys,,,,,0,0,0,0,0,0
SC,System and Communications Protection,SC-27,Platform-independent Applications,,,,,0,0,0,0,0,1
SC,System and Communications Protection,SC-28,Protection of Information at Rest,,x,x,,3,0,1,1,0,2
SC,System and Communications Protection,SC-29,Heterogeneity,,,,,1,0,0,0,0,1
SC,System and Communications Protection,SC-30,Concealment and Misdirection,,,,,4,0,0,0,0,3
SC,System and Communications Protection,SC-31,Covert Channel Analysis,,,,,3,0,0,0,0,1
SC,System and Communications Protection,SC-32,System Partitioning,,,,,1,0,0,0,0,3
SC,System and Communications Protection,SC-34,Non-modifiable Executable Programs,,,,,2,0,0,0,0,2
SC,System and Communications Protection,SC-35,External Malicious Code Identification,,,,,0,0,0,0,0,0
SC,System and Communications Protection,SC-36,Distributed Processing and Storage,,,,,2,0,0,0,0,6
SC,System and Communications Protection,SC-37,Out-of-band Channels,,,,,1,0,0,0,0,3
SC,System and Communications Protection,SC-38,Operations Security,,,,,0,0,0,0,0,1
SC,System and Communications Protection,SC-39,Process Isolation,x,x,x,,2,0,0,0,0,0
SC,System and Communications Protection,SC-40,Wireless Link Protection,,,,,4,0,0,0,0,6
SC,System and Communications Protection,SC-41,Port and I/O Device Access,,,,,0,0,0,0,0,3
SC,System and Communications Protection,SC-42,Sensor Capability and Data,,,,,4,0,0,0,0,5
SC,System and Communications Protection,SC-43,Usage Restrictions,,,,,0,0,0,0,0,1
SC,System and Communications Protection,SC-44,Detonation Chambers,,,,,0,0,0,0,0,1
SC,System and Communications Protection,SC-45,System Time Synchronization,,,,,2,0,0,0,0,0
SC,System and Communications Protection,SC-46,Cross Domain Policy Enforcement,,,,,0,0,0,0,0,1
SC,System and Communications Protection,SC-47,Alternate Communications Paths,,,,,0,0,0,0,0,1
SC,System and Communications Protection,SC-48,Sensor Relocation,,,,,1,0,0,0,0,3
SC,System and Communications Protection,SC-49,Hardware-enforced Separation and Policy Enforcement,,,,,0,0,0,0,0,1
SC,System and Communications Protection,SC-50,Software-enforced Separation and Policy Enforcement,,,,,0,0,0,0,0,1
SC,System and Communications Protection,SC-51,Hardware-based Protection,,,,,0,0,0,0,0,2
SI,System and Information Integrity,SI-1,Policy and Procedures,x,x,x,x,0,0,0,0,0,9
SI,System and Information Integrity,SI-2,Flaw Remediation,x,x,x,,6,0,1,1,0,1
SI,System and Information Integrity,SI-3,Malicious Code Protection,x,x,x,,4,0,0,0,0,6
SI,System and Information Integrity,SI-4,System Monitoring,x,x,x,,23,0,3,8,0,6
SI,System and Information Integrity,SI-5,"Security Alerts, Advisories, and Directives",x,x,x,,1,0,0,1,0,5
SI,System and Information Integrity,SI-6,Security and Privacy Function Verification,,,x,,2,0,0,0,0,9
SI,System and Information Integrity,SI-7,"Software, Firmware, and Information Integrity",,x,x,,13,0,2,5,0,8
SI,System and Information Integrity,SI-8,Spam Protection,,x,x,,2,0,1,1,0,0
SI,System and Information Integrity,SI-10,Information Input Validation,,x,x,,6,0,0,0,0,1
SI,System and Information Integrity,SI-11,Error Handling,,x,x,,0,0,0,0,0,1
SI,System and Information Integrity,SI-12,Information Management and Retention,x,x,x,x,3,0,0,0,3,0
SI,System and Information Integrity,SI-13,Predictable Failure Prevention,,,,,4,0,0,0,0,2
SI,System and Information Integrity,SI-14,Non-persistence,,,,,3,0,0,0,0,3
SI,System and Information Integrity,SI-15,Information Output Filtering,,,,,0,0,0,0,0,1
SI,System and Information Integrity,SI-16,Memory Protection,,x,x,,0,0,0,0,0,1
SI,System and Information Integrity,SI-17,Fail-safe Procedures,,,,,0,0,0,0,0,3
SI,System and Information Integrity,SI-18,Personally Identifiable Information Quality Operations,,,,x,5,0,0,0,1,5
SI,System and Information Integrity,SI-19,De-identification,,,,x,8,0,0,0,0,2
SI,System and Information Integrity,SI-20,Tainting,,,,,0,0,0,0,0,1
SI,System and Information Integrity,SI-21,Information Refresh,,,,,0,0,0,0,0,2
SI,System and Information Integrity,SI-22,Information Diversity,,,,,0,0,0,0,0,3
SI,System and Information Integrity,SI-23,Information Fragmentation,,,,,0,0,0,0,0,3
SR,Supply Chain Risk Management,SR-1,Policy and Procedures,x,x,x,,0,0,0,0,0,9
SR,Supply Chain Risk Management,SR-2,Supply Chain Risk Management Plan,x,x,x,,1,1,1,1,0,2
SR,Supply Chain Risk Management,SR-3,Supply Chain Controls and Processes,x,x,x,,3,0,0,0,0,5
SR,Supply Chain Risk Management,SR-4,Provenance,,,,,4,0,0,0,0,1
SR,Supply Chain Risk Management,SR-5,"Acquisition Strategies, Tools, and Methods",x,x,x,,2,0,0,0,0,1
SR,Supply Chain Risk Management,SR-6,Supplier Assessments and Reviews,,x,x,,1,0,0,0,0,1
SR,Supply Chain Risk Management,SR-7,Supply Chain Operations Security,,,,,0,0,0,0,0,1
SR,Supply Chain Risk Management,SR-8,Notification Agreements,x,x,x,,0,0,0,0,0,2
SR,Supply Chain Risk Management,SR-9,Tamper Resistance and Detection,,,x,,1,0,0,1,0,0
SR,Supply Chain Risk Management,SR-10,Inspection of Systems or Components,x,x,x,,0,0,0,0,0,4
SR,Supply Chain Risk Management,SR-11,Component Authenticity,x,x,x,,3,2,2,2,0,3
SR,Supply Chain Risk Management,SR-12,Component Disposal,x,x,x,,0,0,0,0,0,2
