id,cloud,resource,seeded_misconfiguration,expected_result,why_it_is_in_the_set,risk_class,detected_by_tool_a,detected_by_tool_b,detected_by_tool_c
S01,AWS,S3 bucket,Public access allowed through bucket policy,"Public exposure finding, high",Direct data exposure,exposure,,,
S02,AWS,S3 bucket,"Public access block disabled, no public policy yet",Missing guardrail finding,"Guardrail missing, one change from exposure",exposure,,,
S03,AWS,S3 bucket,"No default encryption, tag data=customer-pii",Encryption finding ranked higher by data tag,Context test,data,,,
S04,AWS,Security group,SSH 22 open to 0.0.0.0/0 on an internet-facing instance,Network exposure finding,Management port exposure,exposure,,,
S05,AWS,Instance,Same instance has an instance profile with administrator permissions,Toxic combination with S04,Attack path test,identity,,,
S06,AWS,IAM user,Console user without MFA,Identity finding,Credential risk,identity,,,
S07,AWS,IAM user,Access key older than 90 days,Credential hygiene finding,Credential hygiene,identity,,,
S08,AWS,Trail,Audit logging disabled in one Region,Logging finding,Detection blind spot,logging,,,
S09,AWS,Database,Database instance publicly accessible,Exposure finding,Direct data exposure,exposure,,,
S10,Azure,Storage account,allowBlobPublicAccess true with an anonymous container,Public exposure finding,Direct data exposure,exposure,,,
S11,Azure,Storage account,Network default action Allow,Network exposure finding,Network rule too open,exposure,,,
S12,Azure,Storage account,Account SAS enabled with long expiry sample token,SAS or key use finding if supported,Token exposure class (see the 2023 SAS token case),identity,,,
S13,Azure,SQL server,Transparent data encryption disabled,Encryption finding,Data at rest,data,,,
S14,Azure,Network security group,RDP 3389 open to any,Network exposure finding,Management port exposure,exposure,,,
S15,Azure,Subscription,No activity log export,Logging finding,Detection blind spot,logging,,,
S16,GCP,Bucket,"allUsers in IAM policy, public access prevention not enforced",Public exposure finding,Direct data exposure,exposure,,,
S17,GCP,Firewall rule,SSH open to 0.0.0.0/0,Network exposure finding,Management port exposure,exposure,,,
S18,GCP,Service account,User-managed key older than 90 days,Credential hygiene finding,Credential hygiene,identity,,,
S19,GCP,Project,Audit log data access logging disabled,Logging finding,Detection blind spot,logging,,,
S20,GCP,VM,Default service account with broad scope,Identity finding,Excess privilege,identity,,,
S21,All,Drift,Fix S01 and create a new public bucket in the same hour,"Fixed and new findings appear, with timestamps",Drift detection test,drift,,,
S22,All,Exception,Create an intentional public web bucket and register an exception,Finding suppressed with owner and expiry,Exception workflow test,process,,,
S23,All,IaC,"Terraform or template that creates S01, S10 and S16",Pre-deploy findings in CI,Shift left test,iac,,,
S24,All,Connector,Remove one permission from the connector role,"Tool reports reduced coverage, not silence",Failure visibility test,process,,,
