principle,group,review_question,evidence,status,notes
Security by design,Start,"Are security requirements written before the design, and does the design cover operation, maintenance and shutdown?",,,
Security by default,Start,"With no configuration changes, are all optional functions, ports, protocols and services off and all settings at their most restrictive usable value?",,,
Leveraging existing components,Start,"Does the design reuse vetted libraries and services instead of custom security code, and is each dependency maintained and patched?",,,
No security guarantee,Start,"Does the design assume that a compromise will happen, and are the cost to the attacker and the detection of an attack addressed?",,,
Least privilege,Breach,"For each identity, service account and process, what is the minimum permission set, for how long is it held, and who reviews it?",,,
Compartmentalize,Breach,"If one component is compromised, which data and systems can the attacker reach, and are those boundaries enforced technically?",,,
Separation of duties,Breach,"Which critical actions need two independent parties or conditions, and can one person hold both roles?",,,
Least common mechanism,Breach,"Which mechanisms (databases, caches, credentials, temp storage, sessions) are shared between users or components at different privilege levels?",,,
Complete mediation,Breach,"Is authorization checked on every request, on the server, for every object, and what happens after a permission is revoked?",,,
Defense in depth,Failure,"If the primary control fails, which independent control still limits the damage, and does it depend on the same credential or component?",,,
Fail safe,Failure,"What state does each component enter on an error or timeout, and is that state denied or closed unless safety requires otherwise?",,,
Secure the weakest link,Failure,"Which component, interface or process is the weakest, and has the highest risk there been addressed first?",,,
Economy of mechanism,Understand,"Is there a simpler design that gives the same protection, and can a reviewer follow the security logic?",,,
Open design,Understand,"Would the system stay secure if an attacker had the full design and source, with only keys and credentials secret?",,,
Psychological acceptability,Understand,Does the control add so much friction that users will work around it?,,,
Usability and manageability,Understand,"Can operators configure, administer, upgrade and automate the control without error-prone steps?",,,
